1960-09-03,661,7
1960-09-10,658,6
1960-09-17,652,5
1960-09-24,650,4
1960-10-01,633,4
1960-10-08,624,3
1960-10-15,616,8
1960-10-22,624,6
1960-10-29,618,3
1960-11-05,619,6
1960-11-12,626,4
1960-11-19,612,7
1960-11-26,575,6
1960-12-03,567,6
1960-12-10,560,4
1960-12-17,567,7
1960-12-24,552,5
1960-12-31,554,5
1961-01-07,552,6
1961-01-14,556,4
1961-01-21,549,8
1961-01-28,556,4
1961-02-04,567,7
1961-02-11,557,8
1961-02-18,550,6
1961-02-25,535,8
1961-03-04,520,4
1961-03-11,515,6
1961-03-18,505,5
1961-03-25,510,6
1961-04-01,518,8
1961-04-08,511,10
1961-04-15,507,4
1961-04-22,499,6
1961-04-29,493,8
1961-05-06,499,9
1961-05-13,493,4
1961-05-20,490,3
1961-05-27,522,7
1961-06-03,539,8
1961-06-10,548,6
1961-06-17,544,5
1961-06-24,534,5
1961-07-01,507,10
1961-07-08,531,6
1961-07-15,514,6
1961-07-22,525,6
1961-07-29,548,4
1961-08-05,553,5
1961-08-12,510,5
1961-08-19,513,6
1961-08-26,515,6
1961-09-02,519,7
1961-09-09,503,9
1961-09-16,493,7
1961-09-23,506,5
1961-09-30,522,8
1961-10-07,518,6
1961-10-14,513,10
1961-10-21,522,7
1961-10-28,518,3
1961-11-04,527,4
1961-11-11,507,7
1961-11-18,529,4
1961-11-25,580,7
1961-12-02,604,5
1961-12-09,610,7
1961-12-16,601,2
1961-12-23,604,8
1961-12-30,591,7
1962-01-06,576,6
1962-01-13,603,6
1962-01-20,595,9
1962-01-27,591,5
1962-02-03,574,4
1962-02-10,588,5
1962-02-17,577,7
1962-02-24,559,5
1962-03-03,542,7
1962-03-10,547,5
1962-03-17,558,6
1962-03-24,557,3
1962-03-31,522,9
1962-04-07,510,8
1962-04-14,506,4
1962-04-21,502,5
1962-04-28,504,4
1962-05-05,498,5
1962-05-12,497,3
1962-05-19,522,9
1962-05-26,529,5
1962-06-02,516,6
1962-06-09,518,4
1962-06-16,523,6
1962-06-23,525,7
1962-06-30,515,6
1962-07-07,513,6
1962-07-14,503,6
1962-07-21,503,7
1962-07-28,498,2
1962-08-04,511,5
1962-08-11,499,8
1962-08-18,499,5
1962-08-25,502,7
1962-09-01,495,6
1962-09-08,492,6
1962-09-15,486,7
1962-09-22,508,4
1962-09-29,520,3
1962-10-06,531,8
1962-10-13,539,5
1962-10-20,537,3
1962-10-27,547,8
1962-11-03,552,6
1962-11-10,559,5
1962-11-17,558,6
1962-11-24,542,6
1962-12-01,544,4
1962-12-08,511,7
1962-12-15,510,8
1962-12-22,504,4
1962-12-29,517,5
1963-01-05,525,6
1963-01-12,526,6
1963-01-19,525,3
1963-01-26,539,8
1963-02-02,528,4
1963-02-09,518,5
1963-02-16,524,6
1963-02-23,514,9
1963-03-02,516,3
1963-03-09,523,4
1963-03-16,508,3
1963-03-23,495,7
1963-03-30,493,5
1963-04-06,494,5
1963-04-13,498,5
1963-04-20,503,6
1963-04-27,496,6
1963-05-04,495,5
1963-05-11,497,7
1963-05-18,500,4
1963-05-25,496,7
1963-06-01,490,6
1963-06-08,484,4
1963-06-15,478,5
1963-06-22,475,8
1963-06-29,470,3
1963-07-06,486,8
1963-07-13,481,6
1963-07-20,480,7
1963-07-27,478,7
1963-08-03,489,5
1963-08-10,503,8
1963-08-17,514,4
1963-08-24,516,4
1963-08-31,507,8
1963-09-07,506,5
1963-09-14,481,5
1963-09-21,488,4
1963-09-28,487,8
1963-10-05,489,6
1963-10-12,483,5
1963-10-19,476,4
1963-10-26,480,7
1963-11-02,467,6
1963-11-09,454,5
1963-11-16,459,6
1963-11-23,470,6
1963-11-30,483,5
1963-12-07,501,9
1963-12-14,506,2
1963-12-21,491,5
1963-12-28,478,7
1964-01-04,482,6
1964-01-11,488,5
1964-01-18,493,4
1964-01-25,507,7
1964-02-01,503,4
1964-02-08,492,6
1964-02-15,484,8
1964-02-22,485,5
1964-02-29,479,4
1964-03-07,464,7
1964-03-14,445,5
1964-03-21,462,8
1964-03-28,467,7
1964-04-04,464,8
1964-04-11,466,7
1964-04-18,474,3
1964-04-25,464,6
1964-05-02,473,7
1964-05-09,468,4
1964-05-16,481,8
1964-05-23,471,7
1964-05-30,463,6
1964-06-06,455,5
1964-06-13,446,7
1964-06-20,444,4
1964-06-27,456,6
1964-07-04,462,7
1964-07-11,454,7
1964-07-18,463,5
1964-07-25,445,5
1964-08-01,438,7
1964-08-08,432,5
1964-08-15,422,7
1964-08-22,430,7
1964-08-29,439,3
1964-09-05,446,8
1964-09-12,440,4
1964-09-19,450,8
1964-09-26,452,4
1964-10-03,457,6
1964-10-10,450,8
1964-10-17,449,4
1964-10-24,459,6
1964-10-31,457,3
1964-11-07,462,8
1964-11-14,467,5
1964-11-21,456,8
1964-11-28,473,6
1964-12-05,469,6
1964-12-12,473,5
1964-12-19,472,6
1964-12-26,479,4
1965-01-02,475,4
1965-01-09,470,4
1965-01-16,464,5
1965-01-23,469,5
1965-01-30,461,10
1965-02-06,459,5
1965-02-13,448,6
1965-02-20,433,7
1965-02-27,424,6
1965-03-06,429,5
1965-03-13,434,6
1965-03-20,417,5
1965-03-27,420,8
1965-04-03,416,4
1965-04-10,433,7
1965-04-17,448,9
1965-04-24,441,5
1965-05-01,453,7
1965-05-08,455,7
1965-05-15,446,4
1965-05-22,453,7
1965-05-29,440,5
1965-06-05,444,7
1965-06-12,445,3
1965-06-19,460,9
1965-06-26,457,6
1965-07-03,448,7
1965-07-10,446,6
1965-07-17,452,6
1965-07-24,445,4
1965-07-31,457,5
1965-08-07,449,9
1965-08-14,449,5
1965-08-21,443,8
1965-08-28,446,5
1965-09-04,446,8
1965-09-11,435,4
1965-09-18,443,7
1965-09-25,448,6
1965-10-02,451,4
1965-10-09,442,8
1965-10-16,439,6
1965-10-23,460,7
1965-10-30,471,6
1965-11-06,452,7
1965-11-13,441,7
1965-11-20,429,6
1965-11-27,438,7
1965-12-04,437,7
1965-12-11,443,5
1965-12-18,451,6
1965-12-25,459,5
1966-01-01,470,7
1966-01-08,462,6
1966-01-15,463,6
1966-01-22,455,8
1966-01-29,452,4
1966-02-05,455,6
1966-02-12,454,8
1966-02-19,462,6
1966-02-26,457,4
1966-03-05,448,8
1966-03-12,441,7
1966-03-19,433,5
1966-03-26,444,7
1966-04-02,435,4
1966-04-09,430,7
1966-04-16,431,5
1966-04-23,420,5
1966-04-30,421,5
1966-05-07,397,9
1966-05-14,396,7
1966-05-21,402,7
1966-05-28,420,6
1966-06-04,436,9
1966-06-11,443,5
1966-06-18,425,8
1966-06-25,425,7
1966-07-02,430,4
1966-07-09,432,9
1966-07-16,420,6
1966-07-23,415,7
1966-07-30,423,6
1966-08-06,426,5
1966-08-13,423,8
1966-08-20,423,7
1966-08-27,443,7
1966-09-03,451,5
1966-09-10,459,7
1966-09-17,467,6
1966-09-24,489,5
1966-10-01,481,7
1966-10-08,474,5
1966-10-15,482,6
1966-10-22,482,7
1966-10-29,481,4
1966-11-05,474,8
1966-11-12,476,4
1966-11-19,496,7
1966-11-26,489,5
1966-12-03,482,4
1966-12-10,478,8
1966-12-17,483,7
1966-12-24,465,5
1966-12-31,452,6
1967-01-07,459,5
1967-01-14,452,4
1967-01-21,441,7
1967-01-28,449,7
1967-02-04,446,6
1967-02-11,441,5
1967-02-18,449,8
1967-02-25,447,7
1967-03-04,450,8
1967-03-11,446,5
1967-03-18,454,9
1967-03-25,451,5
1967-04-01,444,5
1967-04-08,425,7
1967-04-15,431,6
1967-04-22,435,6
1967-04-29,443,6
1967-05-06,445,11
1967-05-13,441,5
1967-05-20,438,5
1967-05-27,453,5
1967-06-03,457,7
1967-06-10,455,5
1967-06-17,437,9
1967-06-24,457,5
1967-07-01,463,8
1967-07-08,457,7
1967-07-15,464,3
1967-07-22,448,9
1967-07-29,446,3
1967-08-05,449,6
1967-08-12,468,7
1967-08-19,476,6
1967-08-26,478,6
1967-09-02,470,7
1967-09-09,468,5
1967-09-16,459,7
1967-09-23,468,7
1967-09-30,456,7
1967-10-07,457,6
1967-10-14,472,6
1967-10-21,477,5
1967-10-28,473,5
1967-11-04,472,7
1967-11-11,454,5
1967-11-18,453,6
1967-11-25,442,8
1967-12-02,464,6
1967-12-09,478,5
1967-12-16,473,9
1967-12-23,475,5
1967-12-30,474,6
1968-01-06,491,6
1968-01-13,494,6
1968-01-20,489,4
1968-01-27,495,7
1968-02-03,493,6
1968-02-10,492,5
1968-02-17,481,6
1968-02-24,509,5
1968-03-02,522,6
1968-03-09,492,6
1968-03-16,483,6
1968-03-23,477,5
1968-03-30,485,4
1968-04-06,509,8
1968-04-13,521,5
1968-04-20,521,3
1968-04-27,526,3
1968-05-04,528,4
1968-05-11,515,4
1968-05-18,512,7
1968-05-25,518,6
1968-06-01,524,6
1968-06-08,519,5
1968-06-15,521,4
1968-06-22,518,7
1968-06-29,512,4
1968-07-06,499,5
1968-07-13,490,5
1968-07-20,519,4
1968-07-27,518,5
1968-08-03,517,8
1968-08-10,512,5
1968-08-17,496,4
1968-08-24,489,6
1968-08-31,476,6
1968-09-07,483,5
1968-09-14,486,5
1968-09-21,503,7
1968-09-28,481,7
1968-10-05,480,5
1968-10-12,481,3
1968-10-19,478,6
1968-10-26,477,6
1968-11-02,487,6
1968-11-09,491,3
1968-11-16,502,6
1968-11-23,495,9
1968-11-30,498,5
1968-12-07,492,6
1968-12-14,493,7
1968-12-21,502,4
1968-12-28,506,5
1969-01-04,523,8
1969-01-11,521,2
1969-01-18,533,4
1969-01-25,528,6
1969-02-01,525,3
1969-02-08,507,8
1969-02-15,501,5
1969-02-22,507,4
1969-03-01,484,4
1969-03-08,477,5
1969-03-15,498,7
1969-03-22,504,6
1969-03-29,511,7
1969-04-05,498,5
1969-04-12,483,6
1969-04-19,469,3
1969-04-26,469,8
1969-05-03,473,7
1969-05-10,469,4
1969-05-17,465,6
1969-05-24,470,4
1969-05-31,474,8
1969-06-07,477,6
1969-06-14,467,4
1969-06-21,483,8
1969-06-28,490,4
1969-07-05,480,6
1969-07-12,482,5
1969-07-19,467,4
1969-07-26,470,7
1969-08-02,500,6
1969-08-09,501,7
1969-08-16,529,4
1969-08-23,527,7
1969-08-30,539,5
1969-09-06,536,5
1969-09-13,531,5
1969-09-20,523,4
1969-09-27,526,5
1969-10-04,525,7
1969-10-11,535,4
1969-10-18,538,6
1969-10-25,523,6
1969-11-01,516,6
1969-11-08,526,8
1969-11-15,526,6
1969-11-22,534,4
1969-11-29,553,5
1969-12-06,569,5
1969-12-13,573,3
1969-12-20,557,5
1969-12-27,550,2
1970-01-03,553,4
1970-01-10,554,4
1970-01-17,551,3
1970-01-24,540,6
1970-01-31,540,4
1970-02-07,547,9
1970-02-14,540,4
1970-02-21,518,5
1970-02-28,507,6
1970-03-07,514,5
1970-03-14,519,3
1970-03-21,531,4
1970-03-28,512,6
1970-04-04,505,5
1970-04-11,520,4
1970-04-18,528,3
1970-04-25,515,5
1970-05-02,513,5
1970-05-09,503,5
1970-05-16,507,3
1970-05-23,513,7
1970-05-30,539,4
1970-06-06,550,6
1970-06-13,551,4
1970-06-20,551,7
1970-06-27,552,3
1970-07-04,555,2
1970-07-11,557,6
1970-07-18,559,2
1970-07-25,557,6
1970-08-01,556,8
1970-08-08,558,4
1970-08-15,569,5
1970-08-22,559,5
1970-08-29,563,4
1970-09-05,548,5
1970-09-12,548,5
1970-09-19,557,5
1970-09-26,568,4
1970-10-03,568,4
1970-10-10,539,4
1970-10-17,538,5
1970-10-24,547,4
1970-10-31,549,4
1970-11-07,557,5
1970-11-14,559,4
1970-11-21,578,6
1970-11-28,571,3
1970-12-05,556,7
1970-12-12,569,5
1970-12-19,561,5
1970-12-26,570,3
1971-01-02,570,5
1971-01-09,574,5
1971-01-16,571,2
1971-01-23,575,4
1971-01-30,580,3
1971-02-06,573,5
1971-02-13,563,5
1971-02-20,570,5
1971-02-27,568,6
1971-03-06,539,7
1971-03-13,524,5
1971-03-20,522,3
1971-03-27,501,7
1971-04-03,493,4
1971-04-10,496,5
1971-04-17,499,4
1971-04-24,521,5
1971-05-01,520,5
1971-05-08,547,6
1971-05-15,544,7
1971-05-22,549,4
1971-05-29,551,4
1971-06-05,556,3
1971-06-12,540,4
1971-06-19,550,6
1971-06-26,560,6
1971-07-03,534,5
1971-07-10,526,5
1971-07-17,544,6
1971-07-24,535,4
1971-07-31,538,3
1971-08-07,543,4
1971-08-14,523,5
1971-08-21,534,5
1971-08-28,545,5
1971-09-04,550,8
1971-09-11,551,5
1971-09-18,567,6
1971-09-25,567,4
1971-10-02,557,5
1971-10-09,552,3
1971-10-16,544,5
1971-10-23,545,4
1971-10-30,544,6
1971-11-06,534,4
1971-11-13,546,6
1971-11-20,544,6
1971-11-27,541,5
1971-12-04,517,7
1971-12-11,514,6
1971-12-18,511,4
1971-12-25,513,4
1972-01-01,506,4
1972-01-08,512,4
1972-01-15,514,6
1972-01-22,528,4
1972-01-29,536,6
1972-02-05,541,5
1972-02-12,545,3
1972-02-19,552,5
1972-02-26,531,6
1972-03-04,520,4
1972-03-11,522,6
1972-03-18,525,4
1972-03-25,535,6
1972-04-01,526,5
1972-04-08,527,5
1972-04-15,538,6
1972-04-22,536,4
1972-04-29,532,4
1972-05-06,538,5
1972-05-13,539,5
1972-05-20,537,3
1972-05-27,547,6
1972-06-03,540,3
1972-06-10,531,4
1972-06-17,538,5
1972-06-24,551,7
1972-07-01,561,3
1972-07-08,562,7
1972-07-15,572,3
1972-07-22,564,4
1972-07-29,556,5
1972-08-05,558,6
1972-08-12,566,3
1972-08-19,576,4
1972-08-26,562,5
1972-09-02,561,4
1972-09-09,565,6
1972-09-16,570,5
1972-09-23,569,5
1972-09-30,572,4
1972-10-07,577,6
1972-10-14,578,5
1972-10-21,570,4
1972-10-28,584,2
1972-11-04,572,7
1972-11-11,584,6
1972-11-18,577,4
1972-11-25,582,4
1972-12-02,562,7
1972-12-09,549,5
1972-12-16,554,3
1972-12-23,567,5
1972-12-30,585,5
1973-01-06,602,5
1973-01-13,593,4
1973-01-20,582,4
1973-01-27,589,3
1973-02-03,596,5
1973-02-10,599,4
1973-02-17,585,6
1973-02-24,575,5
1973-03-03,571,6
1973-03-10,580,5
1973-03-17,595,5
1973-03-24,585,4
1973-03-31,605,5
1973-04-07,608,4
1973-04-14,607,5
1973-04-21,619,6
1973-04-28,635,5
1973-05-05,645,6
1973-05-12,652,5
1973-05-19,665,4
1973-05-26,670,4
1973-06-02,682,5
1973-06-09,697,4
1973-06-16,694,4
1973-06-23,693,5
1973-06-30,682,4
1973-07-07,684,6
1973-07-14,680,6
1973-07-21,648,6
1973-07-28,648,4
1973-08-04,644,3
1973-08-11,623,5
1973-08-18,627,3
1973-08-25,636,5
1973-09-01,622,4
1973-09-08,620,5
1973-09-15,645,4
1973-09-22,634,6
1973-09-29,638,5
1973-10-06,635,5
1973-10-13,636,6
1973-10-20,636,4
1973-10-27,634,4
1973-11-03,629,2
1973-11-10,629,4
1973-11-17,645,7
1973-11-24,649,5
1973-12-01,639,3
1973-12-08,641,6
1973-12-15,655,3
1973-12-22,655,5
1973-12-29,661,5
1974-01-05,649,3
1974-01-12,656,5
1974-01-19,662,4
1974-01-26,657,5
1974-02-02,647,3
1974-02-09,655,5
1974-02-16,684,6
1974-02-23,680,4
1974-03-02,678,3
1974-03-09,675,5
1974-03-16,675,5
1974-03-23,664,6
1974-03-30,681,5
1974-04-06,690,3
1974-04-13,688,5
1974-04-20,680,5
1974-04-27,664,4
1974-05-04,667,4
1974-05-11,672,5
1974-05-18,675,2
1974-05-25,686,5
1974-06-01,681,4
1974-06-08,692,6
1974-06-15,701,5
1974-06-22,697,3
1974-06-29,710,5
1974-07-06,698,6
1974-07-13,702,6
1974-07-20,681,5
1974-07-27,680,3
1974-08-03,664,6
1974-08-10,655,4
1974-08-17,642,5
1974-08-24,645,7
1974-08-31,633,3
1974-09-07,637,5
1974-09-14,641,3
1974-09-21,611,5
1974-09-28,595,3
1974-10-05,599,8
1974-10-12,585,8
1974-10-19,590,4
1974-10-26,608,7
1974-11-02,607,6
1974-11-09,604,6
1974-11-16,604,5
1974-11-23,595,7
1974-11-30,606,5
1974-12-07,609,6
1974-12-14,604,4
1974-12-21,615,4
1974-12-28,609,6
1975-01-04,615,4
1975-01-11,615,5
1975-01-18,603,5
1975-01-25,610,3
1975-02-01,596,5
1975-02-08,600,6
1975-02-15,608,6
1975-02-22,612,4
1975-03-01,586,6
1975-03-08,589,5
1975-03-15,603,5
1975-03-22,618,7
1975-03-29,622,4
1975-04-05,608,7
1975-04-12,603,3
1975-04-19,612,6
1975-04-26,598,7
1975-05-03,607,4
1975-05-10,622,4
1975-05-17,613,6
1975-05-24,623,4
1975-05-31,631,4
1975-06-07,612,5
1975-06-14,622,5
1975-06-21,632,7
1975-06-28,645,4
1975-07-05,649,2
1975-07-12,636,6
1975-07-19,633,6
1975-07-26,644,5
1975-08-02,644,6
1975-08-09,646,3
1975-08-16,622,6
1975-08-23,639,7
1975-08-30,652,6
1975-09-06,670,3
1975-09-13,664,7
1975-09-20,656,4
1975-09-27,638,4
1975-10-04,647,4
1975-10-11,655,9
1975-10-18,647,4
1975-10-25,634,3
1975-11-01,652,6
1975-11-08,639,4
1975-11-15,635,3
1975-11-22,634,7
1975-11-29,624,5
1975-12-06,626,2
1975-12-13,617,7
1975-12-20,617,5
1975-12-27,618,3
1976-01-03,637,5
1976-01-10,664,4
1976-01-17,674,3
1976-01-24,673,5
1976-01-31,686,4
1976-02-07,724,4
1976-02-14,764,5
1976-02-21,741,4
1976-02-28,728,3
1976-03-06,738,5
1976-03-13,734,5
1976-03-20,726,3
1976-03-27,722,4
1976-04-03,721,5
1976-04-10,726,5
1976-04-17,765,7
1976-04-24,737,5
1976-05-01,699,5
1976-05-08,680,6
1976-05-15,667,3
1976-05-22,657,5
1976-05-29,677,4
1976-06-05,686,5
1976-06-12,696,7
1976-06-19,713,5
1976-06-26,688,6
1976-07-03,688,3
1976-07-10,695,4
1976-07-17,753,7
1976-07-24,743,2
1976-07-31,744,6
1976-08-07,764,4
1976-08-14,788,6
1976-08-21,779,4
1976-08-28,772,1
1976-09-04,792,6
1976-09-11,775,2
1976-09-18,731,4
1976-09-25,754,4
1976-10-02,771,7
1976-10-09,767,4
1976-10-16,774,3
1976-10-23,799,2
1976-10-30,787,5
1976-11-06,775,5
1976-11-13,795,3
1976-11-20,790,3
1976-11-27,797,2
1976-12-04,766,4
1976-12-11,780,7
1976-12-18,767,4
1976-12-25,752,6
1977-01-01,752,0
1977-01-08,766,3
1977-01-15,771,2
1977-01-22,755,7
1977-01-29,758,4
1977-02-05,743,4
1977-02-12,750,3
1977-02-19,723,5
1977-02-26,713,5
1977-03-05,704,4
1977-03-12,702,4
1977-03-19,693,4
1977-03-26,684,5
1977-04-02,693,5
1977-04-09,699,4
1977-04-16,720,5
1977-04-23,725,6
1977-04-30,708,4
1977-05-07,718,6
1977-05-14,705,4
1977-05-21,726,4
1977-05-28,743,6
1977-06-04,723,5
1977-06-11,777,6
1977-06-18,760,3
1977-06-25,769,3
1977-07-02,780,6
1977-07-09,814,3
1977-07-16,816,3
1977-07-23,792,6
1977-07-30,801,4
1977-08-06,788,2
1977-08-13,774,7
1977-08-20,766,2
1977-08-27,799,4
1977-09-03,794,4
1977-09-10,769,4
1977-09-17,777,7
1977-09-24,780,4
1977-10-01,788,2
1977-10-08,800,4
1977-10-15,825,4
1977-10-22,808,4
1977-10-29,820,5
1977-11-05,788,5
1977-11-12,773,3
1977-11-19,803,5
1977-11-26,834,4
1977-12-03,819,4
1977-12-10,821,6
1977-12-17,821,2
1977-12-24,818,4
1977-12-31,818,0
1978-01-07,822,4
1978-01-14,811,3
1978-01-21,807,5
1978-01-28,791,5
1978-02-04,819,4
1978-02-11,808,5
1978-02-18,834,4
1978-02-25,843,5
1978-03-04,849,4
1978-03-11,805,5
1978-03-18,827,2
1978-03-25,802,5
1978-04-01,807,3
1978-04-08,787,5
1978-04-15,780,4
1978-04-22,758,6
1978-04-29,768,3
1978-05-06,750,5
1978-05-13,729,3
1978-05-20,721,1
1978-05-27,701,6
1978-06-03,700,6
1978-06-10,717,4
1978-06-17,703,4
1978-06-24,679,6
1978-07-01,679,8
1978-07-08,680,8
1978-07-15,661,3
1978-07-22,671,6
1978-07-29,653,5
1978-08-05,685,6
1978-08-12,702,3
1978-08-19,707,6
1978-08-26,704,5
1978-09-02,685,3
1978-09-09,698,5
1978-09-16,704,2
1978-09-23,686,5
1978-09-30,683,6
1978-10-07,694,3
1978-10-14,702,3
1978-10-21,709,5
1978-10-28,724,5
1978-11-04,723,5
1978-11-11,749,5
1978-11-18,737,7
1978-11-25,742,3
1978-12-02,745,4
1978-12-09,736,5
1978-12-16,729,5
1978-12-23,743,6
1978-12-30,743,0
1979-01-06,738,5
1979-01-13,716,4
1979-01-20,710,5
1979-01-27,729,4
1979-02-03,726,3
1979-02-10,739,6
1979-02-17,711,5
1979-02-24,717,3
1979-03-03,707,4
1979-03-10,719,4
1979-03-17,718,6
1979-03-24,697,2
1979-03-31,690,7
1979-04-07,702,5
1979-04-14,697,4
1979-04-21,713,3
1979-04-28,697,6
1979-05-05,687,3
1979-05-12,713,8
1979-05-19,695,4
1979-05-26,703,4
1979-06-02,708,4
1979-06-09,699,6
1979-06-16,697,5
1979-06-23,694,3
1979-06-30,688,5
1979-07-07,677,5
1979-07-14,668,2
1979-07-21,675,4
1979-07-28,683,5
1979-08-04,701,5
1979-08-11,715,5
1979-08-18,712,6
1979-08-25,730,4
1979-09-01,691,4
1979-09-08,693,3
1979-09-15,686,3
1979-09-22,676,6
1979-09-29,688,4
1979-10-06,680,3
1979-10-13,670,5
1979-10-20,690,7
1979-10-27,684,5
1979-11-03,692,4
1979-11-10,700,7
1979-11-17,700,4
1979-11-24,718,6
1979-12-01,731,3
1979-12-08,732,6
1979-12-15,721,3
1979-12-22,726,4
1979-12-29,726,0
1980-01-05,724,4
1980-01-12,718,4
1980-01-19,725,7
1980-01-26,726,5
1980-02-02,726,3
1980-02-09,747,7
1980-02-16,733,4
1980-02-23,731,3
1980-03-01,729,6
1980-03-08,738,5
1980-03-15,727,4
1980-03-22,741,4
1980-03-29,740,4
1980-04-05,719,3
1980-04-12,717,5
1980-04-19,713,6
1980-04-26,723,3
1980-05-03,731,5
1980-05-10,728,7
1980-05-17,715,2
1980-05-24,716,6
1980-05-31,726,4
1980-06-07,733,3
1980-06-14,742,6
1980-06-21,730,4
1980-06-28,725,5
1980-07-05,725,6
1980-07-12,768,6
1980-07-19,757,3
1980-07-26,762,5
1980-08-02,774,3
1980-08-09,791,4
1980-08-16,780,4
1980-08-23,794,3
1980-08-30,814,6
1980-09-06,799,3
1980-09-13,799,4
1980-09-20,798,1
1980-09-27,820,6
1980-10-04,816,7
1980-10-11,798,4
1980-10-18,796,5
1980-10-25,806,3
1980-11-01,823,5
1980-11-08,810,5
1980-11-15,819,6
1980-11-22,840,5
1980-11-29,848,4
1980-12-06,846,4
1980-12-13,844,2
1980-12-20,845,2
1980-12-27,851,5
1981-01-03,851,0
1981-01-10,835,4
1981-01-17,817,4
1981-01-24,809,5
1981-01-31,798,4
1981-02-07,797,3
1981-02-14,797,5
1981-02-21,789,3
1981-02-28,777,6
1981-03-07,797,2
1981-03-14,788,5
1981-03-21,803,2
1981-03-28,784,7
1981-04-04,785,4
1981-04-11,779,6
1981-04-18,762,3
1981-04-25,765,3
1981-05-02,771,6
1981-05-09,778,2
1981-05-16,768,4
1981-05-23,750,5
1981-05-30,747,3
1981-06-06,761,4
1981-06-13,787,8
1981-06-20,806,2
1981-06-27,784,4
1981-07-04,781,3
1981-07-11,802,6
1981-07-18,810,3
1981-07-25,821,2
1981-08-01,799,8
1981-08-08,786,4
1981-08-15,789,3
1981-08-22,799,2
1981-08-29,782,6
1981-09-05,797,4
1981-09-12,801,6
1981-09-19,804,4
1981-09-26,819,3
1981-10-03,829,3
1981-10-10,803,5
1981-10-17,802,5
1981-10-24,807,3
1981-10-31,800,4
1981-11-07,828,7
1981-11-14,817,5
1981-11-21,822,3
1981-11-28,794,6
1981-12-05,777,3
1981-12-12,773,4
1981-12-19,779,4
1981-12-26,774,2
1982-01-02,774,0
1982-01-09,767,2
1982-01-16,780,4
1982-01-23,749,4
1982-01-30,746,4
1982-02-06,742,2
1982-02-13,745,7
1982-02-20,740,4
1982-02-27,721,3
1982-03-06,709,5
1982-03-13,691,5
1982-03-20,685,4
1982-03-27,689,2
1982-04-03,696,4
1982-04-10,715,8
1982-04-17,708,4
1982-04-24,695,4
1982-05-01,691,6
1982-05-08,693,4
1982-05-15,692,5
1982-05-22,744,5
1982-05-29,746,4
1982-06-05,731,5
1982-06-12,730,3
1982-06-19,731,8
1982-06-26,744,5
1982-07-03,698,5
1982-07-10,719,3
1982-07-17,738,7
1982-07-24,720,5
1982-07-31,725,3
1982-08-07,765,3
1982-08-14,761,4
1982-08-21,768,4
1982-08-28,772,6
1982-09-04,748,3
1982-09-11,733,7
1982-09-18,729,4
1982-09-25,731,3
1982-10-02,735,5
1982-10-09,747,6
1982-10-16,769,4
1982-10-23,749,5
1982-10-30,756,5
1982-11-06,782,3
1982-11-13,804,6
1982-11-20,828,4
1982-11-27,846,5
1982-12-04,842,5
1982-12-11,814,4
1982-12-18,825,3
1982-12-25,817,3
1983-01-01,817,0
1983-01-08,819,2
1983-01-15,820,4
1983-01-22,830,5
1983-01-29,832,5
1983-02-05,813,4
1983-02-12,816,4
1983-02-19,801,4
1983-02-26,778,4
1983-03-05,774,4
1983-03-12,766,3
1983-03-19,775,5
1983-03-26,763,4
1983-04-02,782,4
1983-04-09,739,4
1983-04-16,751,5
1983-04-23,761,4
1983-04-30,763,3
1983-05-07,726,4
1983-05-14,726,4
1983-05-21,717,4
1983-05-28,706,7
1983-06-04,698,3
1983-06-11,684,4
1983-06-18,720,5
1983-06-25,726,2
1983-07-02,719,5
1983-07-09,727,5
1983-07-16,716,4
1983-07-23,699,4
1983-07-30,696,5
1983-08-06,688,4
1983-08-13,727,4
1983-08-20,727,4
1983-08-27,716,4
1983-09-03,709,5
1983-09-10,730,3
1983-09-17,729,5
1983-09-24,718,2
1983-10-01,720,3
1983-10-08,733,6
1983-10-15,727,7
1983-10-22,719,6
1983-10-29,719,8
1983-11-05,712,7
1983-11-12,720,9
1983-11-19,740,5
1983-11-26,756,4
1983-12-03,777,7
1983-12-10,784,6
1983-12-17,764,6
1983-12-24,758,5
1983-12-31,758,2
1984-01-07,749,6
1984-01-14,747,5
1984-01-21,738,6
1984-01-28,739,6
1984-02-04,765,5
1984-02-11,761,6
1984-02-18,756,4
1984-02-25,748,4
1984-03-03,726,4
1984-03-10,735,3
1984-03-17,738,5
1984-03-24,715,4
1984-03-31,711,5
1984-04-07,712,4
1984-04-14,719,5
1984-04-21,713,6
1984-04-28,728,5
1984-05-05,729,5
1984-05-12,735,5
1984-05-19,734,4
1984-05-26,733,5
1984-06-02,738,6
1984-06-09,734,4
1984-06-16,743,3
1984-06-23,755,7
1984-06-30,763,6
1984-07-07,753,4
1984-07-14,754,5
1984-07-21,775,4
1984-07-28,763,3
1984-08-04,758,4
1984-08-11,751,5
1984-08-18,737,4
1984-08-25,708,4
1984-09-01,744,5
1984-09-08,755,5
1984-09-15,761,5
1984-09-22,762,4
1984-09-29,766,5
1984-10-06,768,6
1984-10-13,774,3
1984-10-20,790,6
1984-10-27,791,6
1984-11-03,789,5
1984-11-10,769,4
1984-11-17,766,5
1984-11-24,785,6
1984-12-01,760,5
1984-12-08,782,5
1984-12-15,765,3
1984-12-22,769,4
1984-12-29,769,0
1985-01-05,781,6
1985-01-12,761,4
1985-01-19,763,3
1985-01-26,751,6
1985-02-02,765,5
1985-02-09,743,4
1985-02-16,733,4
1985-02-23,739,3
1985-03-02,751,5
1985-03-09,765,5
1985-03-16,762,3
1985-03-23,746,6
1985-03-30,724,4
1985-04-06,722,4
1985-04-13,728,5
1985-04-20,728,6
1985-04-27,735,5
1985-05-04,731,3
1985-05-11,739,4
1985-05-18,741,3
1985-05-25,735,3
1985-06-01,745,5
1985-06-08,734,5
1985-06-15,719,4
1985-06-22,718,5
1985-06-29,717,3
1985-07-06,719,4
1985-07-13,717,3
1985-07-20,709,4
1985-07-27,719,6
1985-08-03,723,5
1985-08-10,722,2
1985-08-17,700,6
1985-08-24,728,4
1985-08-31,713,3
1985-09-07,703,5
1985-09-14,688,4
1985-09-21,696,5
1985-09-28,718,5
1985-10-05,734,6
1985-10-12,748,4
1985-10-19,751,1
1985-10-26,764,7
1985-11-02,769,3
1985-11-09,770,3
1985-11-16,801,4
1985-11-23,811,6
1985-11-30,811,3
1985-12-07,787,3
1985-12-14,773,4
1985-12-21,764,4
1985-12-28,784,4
1986-01-04,781,1
1986-01-11,798,4
1986-01-18,802,2
1986-01-25,803,4
1986-02-01,798,3
1986-02-08,794,4
1986-02-15,790,6
1986-02-22,783,3
1986-03-01,759,5
1986-03-08,755,4
1986-03-15,745,3
1986-03-22,716,5
1986-03-29,700,6
1986-04-05,719,5
1986-04-12,720,3
1986-04-19,708,6
1986-04-26,699,3
1986-05-03,706,6
1986-05-10,714,2
1986-05-17,716,4
1986-05-24,709,4
1986-05-31,711,4
1986-06-07,725,4
1986-06-14,711,6
1986-06-21,713,4
1986-06-28,722,4
1986-07-05,727,3
1986-07-12,726,5
1986-07-19,726,5
1986-07-26,738,2
1986-08-02,729,6
1986-08-09,732,4
1986-08-16,722,3
1986-08-23,711,5
1986-08-30,731,6
1986-09-06,727,4
1986-09-13,747,3
1986-09-20,746,3
1986-09-27,761,4
1986-10-04,768,3
1986-10-11,761,6
1986-10-18,757,3
1986-10-25,754,4
1986-11-01,765,5
1986-11-08,767,3
1986-11-15,755,7
1986-11-22,762,3
1986-11-29,754,4
1986-12-06,757,4
1986-12-13,752,3
1986-12-20,748,4
1986-12-27,758,5
1987-01-03,758,0
1987-01-10,756,2
1987-01-17,764,4
1987-01-24,776,6
1987-01-31,773,4
1987-02-07,765,4
1987-02-14,764,4
1987-02-21,780,5
1987-02-28,757,4
1987-03-07,749,3
1987-03-14,745,7
1987-03-21,720,7
1987-03-28,704,3
1987-04-04,710,4
1987-04-11,692,5
1987-04-18,687,3
1987-04-25,716,7
1987-05-02,726,4
1987-05-09,731,2
1987-05-16,741,4
1987-05-23,741,2
1987-05-30,762,7
1987-06-06,756,4
1987-06-13,748,3
1987-06-20,752,5
1987-06-27,758,3
1987-07-04,746,6
1987-07-11,751,2
1987-07-18,732,5
1987-07-25,732,5
1987-08-01,726,4
1987-08-08,737,4
1987-08-15,729,7
1987-08-22,731,3
1987-08-29,746,4
1987-09-05,743,4
1987-09-12,738,3
1987-09-19,749,4
1987-09-26,753,6
1987-10-03,744,3
1987-10-10,765,4
1987-10-17,774,5
1987-10-24,762,6
1987-10-31,777,4
1987-11-07,800,5
1987-11-14,790,5
1987-11-21,801,2
1987-11-28,802,4
1987-12-05,815,6
1987-12-12,818,3
1987-12-19,820,5
1987-12-26,825,5
1988-01-02,825,0
1988-01-09,828,1
1988-01-16,838,4
1988-01-23,826,4
1988-01-30,814,4
1988-02-06,792,4
1988-02-13,794,4
1988-02-20,780,3
1988-02-27,783,7
1988-03-05,774,3
1988-03-12,767,3
1988-03-19,743,4
1988-03-26,729,4
1988-04-02,740,5
1988-04-09,745,3
1988-04-16,739,4
1988-04-23,734,4
1988-04-30,725,3
1988-05-07,733,6
1988-05-14,732,6
1988-05-21,757,5
1988-05-28,750,4
1988-06-04,756,2
1988-06-11,771,6
1988-06-18,776,5
1988-06-25,773,3
1988-07-02,786,6
1988-07-09,768,4
1988-07-16,782,3
1988-07-23,782,6
1988-07-30,787,4
1988-08-06,780,5
1988-08-13,795,4
1988-08-20,809,4
1988-08-27,782,3
1988-09-03,791,3
1988-09-10,808,4
1988-09-17,836,4
1988-09-24,844,4
1988-10-01,841,5
1988-10-08,832,2
1988-10-15,859,6
1988-10-22,881,4
1988-10-29,861,3
1988-11-05,841,4
1988-11-12,833,6
1988-11-19,831,3
1988-11-26,804,5
1988-12-03,791,3
1988-12-10,793,4
1988-12-17,801,5
1988-12-24,819,4
1988-12-31,819,0
1989-01-07,798,3
1989-01-14,812,4
1989-01-21,797,5
1989-01-28,801,5
1989-02-04,789,5
1989-02-11,793,3
1989-02-18,793,3
1989-02-25,784,6
1989-03-04,772,2
1989-03-11,766,5
1989-03-18,755,5
1989-03-25,752,2
1989-04-01,741,6
1989-04-08,761,4
1989-04-15,754,6
1989-04-22,788,4
1989-04-29,761,3
1989-05-06,763,4
1989-05-13,752,3
1989-05-20,747,5
1989-05-27,736,5
1989-06-03,749,5
1989-06-10,757,6
1989-06-17,755,4
1989-06-24,761,2
1989-07-01,776,4
1989-07-08,759,6
1989-07-15,761,3
1989-07-22,758,4
1989-07-29,749,5
1989-08-05,764,3
1989-08-12,752,4
1989-08-19,738,4
1989-08-26,747,6
1989-09-02,737,3
1989-09-09,734,6
1989-09-16,739,3
1989-09-23,722,3
1989-09-30,720,6
1989-10-07,725,1
1989-10-14,739,5
1989-10-21,772,7
1989-10-28,777,4
1989-11-04,789,3
1989-11-11,807,5
1989-11-18,822,5
1989-11-25,834,6
1989-12-02,837,4
1989-12-09,841,2
1989-12-16,829,3
1989-12-23,815,5
1989-12-30,810,5
1990-01-06,810,0
1990-01-13,790,4
1990-01-20,795,5
1990-01-27,783,4
1990-02-03,789,4
1990-02-10,808,4
1990-02-17,777,5
1990-02-24,763,6
1990-03-03,743,2
1990-03-10,747,3
1990-03-17,736,5
1990-03-24,725,4
1990-03-31,726,5
1990-04-07,737,4
1990-04-14,751,6
1990-04-21,765,4
1990-04-28,747,4
1990-05-05,766,4
1990-05-12,780,4
1990-05-19,751,4
1990-05-26,759,6
1990-06-02,766,5
1990-06-09,770,5
1990-06-16,777,4
1990-06-23,780,2
1990-06-30,774,4
1990-07-07,774,3
1990-07-14,774,6
1990-07-21,775,6
1990-07-28,773,2
1990-08-04,766,3
1990-08-11,772,5
1990-08-18,772,5
1990-08-25,784,2
1990-09-01,780,4
1990-09-08,790,6
1990-09-15,780,2
1990-09-22,763,6
1990-09-29,787,3
1990-10-06,790,3
1990-10-13,784,4
1990-10-20,827,6
1990-10-27,849,5
1990-11-03,845,5
1990-11-10,837,4
1990-11-17,836,3
1990-11-24,830,4
1990-12-01,836,3
1990-12-08,815,4
1990-12-15,826,3
1990-12-22,811,4
1990-12-29,811,0
1991-01-05,812,5
1991-01-12,808,1
1991-01-19,802,5
1991-01-26,849,7
1991-02-02,834,6
1991-02-09,839,5
1991-02-16,836,3
1991-02-23,841,2
1991-03-02,808,6
1991-03-09,783,4
1991-03-16,786,5
1991-03-23,784,4
1991-03-30,788,3
1991-04-06,769,4
1991-04-13,771,4
1991-04-20,752,6
1991-04-27,770,4
1991-05-04,750,2
1991-05-11,735,6
1991-05-18,733,3
1991-05-25,740,3
1991-06-01,751,5
1991-06-08,762,4
1991-06-15,761,2
1991-06-22,763,4
1991-06-29,750,8
1991-07-06,777,3
1991-07-13,784,4
1991-07-20,800,5
1991-07-27,799,6
1991-08-03,781,4
1991-08-10,763,5
1991-08-17,745,3
1991-08-24,755,4
1991-08-31,744,4
1991-09-07,738,3
1991-09-14,743,3
1991-09-21,752,3
1991-09-28,754,5
1991-10-05,754,4
1991-10-12,760,4
1991-10-19,760,4
1991-10-26,767,4
1991-11-02,768,5
1991-11-09,790,4
1991-11-16,790,3
1991-11-23,801,6
1991-11-30,823,6
1991-12-07,824,6
1991-12-14,837,4
1991-12-21,834,4
1991-12-28,834,0
1992-01-04,831,3
1992-01-11,828,3
1992-01-18,846,5
1992-01-25,845,5
1992-02-01,834,5
1992-02-08,828,5
1992-02-15,838,6
1992-02-22,831,4
1992-02-29,829,3
1992-03-07,821,5
1992-03-14,815,1
1992-03-21,821,5
1992-03-28,820,4
1992-04-04,857,3
1992-04-11,845,2
1992-04-18,845,5
1992-04-25,844,3
1992-05-02,857,4
1992-05-09,849,4
1992-05-16,836,3
1992-05-23,865,8
1992-05-30,856,3
1992-06-06,872,3
1992-06-13,878,2
1992-06-20,885,3
1992-06-27,909,5
1992-07-04,881,3
1992-07-11,890,2
1992-07-18,875,3
1992-07-25,890,5
1992-08-01,888,2
1992-08-08,900,3
1992-08-15,900,3
1992-08-22,914,3
1992-08-29,918,3
1992-09-05,908,2
1992-09-12,894,3
1992-09-19,924,3
1992-09-26,934,5
1992-10-03,950,4
1992-10-10,950,1
1992-10-17,938,4
1992-10-24,936,5
1992-10-31,939,3
1992-11-07,946,2
1992-11-14,963,4
1992-11-21,957,1
1992-11-28,938,4
1992-12-05,933,4
1992-12-12,920,1
1992-12-19,911,3
1992-12-26,914,2
1993-01-02,914,3
1993-01-09,921,4
1993-01-16,914,3
1993-01-23,898,8
1993-01-30,920,4
1993-02-06,958,4
1993-02-13,959,6
1993-02-20,970,3
1993-02-27,967,3
1993-03-06,976,5
1993-03-13,957,2
1993-03-20,943,4
1993-03-27,944,1
1993-04-03,927,3
1993-04-10,959,3
1993-04-17,938,1
1993-04-24,940,4
1993-05-01,947,3
1993-05-08,955,2
1993-05-15,925,4
1993-05-22,918,2
1993-05-29,903,2
1993-06-05,912,6
1993-06-12,935,2
1993-06-19,955,4
1993-06-26,956,3
1993-07-03,966,3
1993-07-10,964,4
1993-07-17,972,4
1993-07-24,963,1
1993-07-31,946,5
1993-08-07,949,5
1993-08-14,952,2
1993-08-21,960,3
1993-08-28,961,3
1993-09-04,961,1
1993-09-11,966,4
1993-09-18,962,2
1993-09-25,962,1
1993-10-02,957,4
1993-10-09,934,5
1993-10-16,935,3
1993-10-23,949,4
1993-10-30,960,3
1993-11-06,976,3
1993-11-13,963,5
1993-11-20,963,4
1993-11-27,967,4
1993-12-04,966,3
1993-12-11,964,1
1993-12-18,960,3
1993-12-25,971,3
1994-01-01,984,2
1994-01-08,950,2
1994-01-15,984,2
1994-01-22,1003,5
1994-01-29,1011,4
1994-02-05,997,4
1994-02-12,992,3
1994-02-19,995,2
1994-02-26,997,2
1994-03-05,1005,3
1994-03-12,1006,1
1994-03-19,1008,4
1994-03-26,992,3
1994-04-02,983,5
1994-04-09,987,3
1994-04-16,971,3
1994-04-23,982,3
1994-04-30,968,2
1994-05-07,971,5
1994-05-14,1004,4
1994-05-21,1003,1
1994-05-28,982,5
1994-06-04,999,4
1994-06-11,987,1
1994-06-18,1017,5
1994-06-25,1009,2
1994-07-02,1005,2
1994-07-09,1035,4
1994-07-16,1023,1
1994-07-23,1015,2
1994-07-30,1006,4
1994-08-06,1025,2
1994-08-13,1034,3
1994-08-20,1037,2
1994-08-27,1043,4
1994-09-03,1055,3
1994-09-10,1028,4
1994-09-17,1082,5
1994-09-24,1092,1
1994-10-01,1105,2
1994-10-08,1124,4
1994-10-15,1141,3
1994-10-22,1146,1
1994-10-29,1127,2
1994-11-05,1111,3
1994-11-12,1107,5
1994-11-19,1129,4
1994-11-26,1102,2
1994-12-03,1116,3
1994-12-10,1153,4
1994-12-17,1157,3
1994-12-24,1171,2
1994-12-31,1167,1
1995-01-07,1157,2
1995-01-14,1173,1
1995-01-21,1159,4
1995-01-28,1179,3
1995-02-04,1143,3
1995-02-11,1132,2
1995-02-18,1131,4
1995-02-25,1130,2
1995-03-04,1087,4
1995-03-11,1082,3
1995-03-18,1058,3
1995-03-25,1059,2
1995-04-01,1065,3
1995-04-08,1065,1
1995-04-15,1045,5
1995-04-22,1019,3
1995-04-29,1012,2
1995-05-06,1012,1
1995-05-13,1024,3
1995-05-20,1062,1
1995-05-27,1086,3
1995-06-03,1105,1
1995-06-10,1102,3
1995-06-17,1082,5
1995-06-24,1040,4
1995-07-01,1024,3
1995-07-08,1049,4
1995-07-15,1040,3
1995-07-22,1048,1
1995-07-29,1054,4
1995-08-05,1025,2
1995-08-12,1049,2
1995-08-19,1067,2
1995-08-26,1091,3
1995-09-02,1063,5
1995-09-09,1053,3
1995-09-16,1057,1
1995-09-23,1072,2
1995-09-30,1050,4
1995-10-07,1065,1
1995-10-14,1073,5
1995-10-21,1071,3
1995-10-28,1067,5
1995-11-04,1066,1
1995-11-11,1103,3
1995-11-18,1109,6
1995-11-25,1085,2
1995-12-02,1109,3
1995-12-09,1111,3
1995-12-16,1124,3
1995-12-23,1124,3
1995-12-30,1101,2
1996-01-06,1085,2
1996-01-13,1098,2
1996-01-20,1164,3
1996-01-27,1173,2
1996-02-03,1173,2
1996-02-10,1172,3
1996-02-17,1152,2
1996-02-24,1097,5
1996-03-02,1097,2
1996-03-09,1081,4
1996-03-16,1075,5
1996-03-23,1056,2
1996-03-30,1059,2
1996-04-06,1070,1
1996-04-13,1085,5
1996-04-20,1098,3
1996-04-27,1101,4
1996-05-04,1086,2
1996-05-11,1077,4
1996-05-18,1099,3
1996-05-25,1107,3
1996-06-01,1115,5
1996-06-08,1104,4
1996-06-15,1101,3
1996-06-22,1121,3
1996-06-29,1167,3
1996-07-06,1145,3
1996-07-13,1143,3
1996-07-20,1152,3
1996-07-27,1151,2
1996-08-03,1173,2
1996-08-10,1226,3
1996-08-17,1172,3
1996-08-24,1173,2
1996-08-31,1178,3
1996-09-07,1202,3
1996-09-14,1202,1
1996-09-21,1208,3
1996-09-28,1207,4
1996-10-05,1191,4
1996-10-12,1176,3
1996-10-19,1178,2
1996-10-26,1205,4
1996-11-02,1205,2
1996-11-09,1198,3
1996-11-16,1193,2
1996-11-23,1184,2
1996-11-30,1174,1
1996-12-07,1204,2
1996-12-14,1183,3
1996-12-21,1197,4
1996-12-28,1192,2
1997-01-04,1180,1
1997-01-11,1149,3
1997-01-18,1195,4
1997-01-25,1201,6
1997-02-01,1203,3
1997-02-08,1194,1
1997-02-15,1181,4
1997-02-22,1134,4
1997-03-01,1131,3
1997-03-08,1119,3
1997-03-15,1120,4
1997-03-22,1089,6
1997-03-29,1040,4
1997-04-05,1052,4
1997-04-12,1059,3
1997-04-19,1076,3
1997-04-26,1084,2
1997-05-03,1089,2
1997-05-10,1089,3
1997-05-17,1087,2
1997-05-24,1094,2
1997-05-31,1104,2
1997-06-07,1103,2
1997-06-14,1111,4
1997-06-21,1100,4
1997-06-28,1099,2
1997-07-05,1173,3
1997-07-12,1161,5
1997-07-19,1147,3
1997-07-26,1143,3
1997-08-02,1160,3
1997-08-09,1143,4
1997-08-16,1158,2
1997-08-23,1165,2
1997-08-30,1195,3
1997-09-06,1164,4
1997-09-13,1173,3
1997-09-20,1176,4
1997-09-27,1178,3
1997-10-04,1169,4
1997-10-11,1167,3
1997-10-18,1171,1
1997-10-25,1154,4
1997-11-01,1187,4
1997-11-08,1164,2
1997-11-15,1173,2
1997-11-22,1142,2
1997-11-29,1133,2
1997-12-06,1206,4
1997-12-13,1207,2
1997-12-20,1221,4
1997-12-27,1220,1
1998-01-03,1206,2
1998-01-10,1200,1
1998-01-17,1217,3
1998-01-24,1217,3
1998-01-31,1229,4
1998-02-07,1237,4
1998-02-14,1156,5
1998-02-21,1203,3
1998-02-28,1155,4
1998-03-07,1165,4
1998-03-14,1165,1
1998-03-21,1167,3
1998-03-28,1155,5
1998-04-04,1155,0
1998-04-11,1160,4
1998-04-18,1162,2
1998-04-25,1144,1
1998-05-02,1146,4
1998-05-09,1139,2
1998-05-16,1169,1
1998-05-23,1133,6
1998-05-30,1180,3
1998-06-06,1180,1
1998-06-13,1202,3
1998-06-20,1173,3
1998-06-27,1174,3
1998-07-04,1180,1
1998-07-11,1180,1
1998-07-18,1144,5
1998-07-25,1135,3
1998-08-01,1134,5
1998-08-08,1155,3
1998-08-15,1155,3
1998-08-22,1040,3
1998-08-29,1114,2
1998-09-05,1064,4
1998-09-12,1007,4
1998-09-19,1044,3
1998-09-26,1040,2
1998-10-03,948,4
1998-10-10,957,3
1998-10-17,953,2
1998-10-24,924,3
1998-10-31,920,1
1998-11-07,930,2
1998-11-14,963,5
1998-11-21,964,3
1998-11-28,959,2
1998-12-05,1067,17
1998-12-12,1045,4
1998-12-19,1053,2
1998-12-26,1069,6
1999-01-02,1057,4
1999-01-09,1053,1
1999-01-16,1086,3
1999-01-23,1108,7
1999-01-30,1058,3
1999-02-06,1032,3
1999-02-13,1013,3
1999-02-20,1012,6
1999-02-27,1013,5
1999-03-06,1004,3
1999-03-13,984,5
1999-03-20,953,3
1999-03-27,948,3
1999-04-03,940,2
1999-04-10,949,2
1999-04-17,931,5
1999-04-24,946,4
1999-05-01,1006,5
1999-05-08,1003,4
1999-05-15,1042,3
1999-05-22,1041,4
1999-05-29,1033,3
1999-06-05,1024,3
1999-06-12,1003,4
1999-06-19,994,3
1999-06-26,1016,4
1999-07-03,974,4
1999-07-10,979,1
1999-07-17,977,3
1999-07-24,971,4
1999-07-31,955,3
1999-08-07,936,4
1999-08-14,946,3
1999-08-21,983,7
1999-08-28,987,2
1999-09-04,995,4
1999-09-11,977,3
1999-09-18,994,3
1999-09-25,1010,3
1999-10-02,1028,7
1999-10-09,996,3
1999-10-16,987,3
1999-10-23,1006,4
1999-10-30,1005,1
1999-11-06,1006,1
1999-11-13,1016,2
1999-11-20,1027,5
1999-11-27,1013,4
1999-12-04,1001,4
1999-12-11,1017,7
1999-12-18,1047,5
1999-12-25,1042,3
2000-01-01,1004,2
2000-01-08,961,4
2000-01-15,1064,5
2000-01-22,1102,5
2000-01-29,1104,1
2000-02-05,1067,6
2000-02-12,1069,6
2000-02-19,1085,2
2000-02-26,1071,4
2000-03-04,1087,1
2000-03-11,1074,4
2000-03-18,1062,2
2000-03-25,1075,3
2000-04-01,1086,1
2000-04-08,1142,4
2000-04-15,1145,2
2000-04-22,1137,3
2000-04-29,1134,3
2000-05-06,1109,4
2000-05-13,1121,2
2000-05-20,1114,4
2000-05-27,1078,3
2000-06-03,1085,4
2000-06-10,1083,3
2000-06-17,1091,4
2000-06-24,1076,2
2000-07-01,1169,2
2000-07-08,1180,4
2000-07-15,1088,3
2000-07-22,1034,2
2000-07-29,973,4
2000-08-05,1014,4
2000-08-12,1012,2
2000-08-19,944,3
2000-08-26,901,5
2000-09-02,887,2
2000-09-09,880,2
2000-09-16,869,2
2000-09-23,817,4
2000-09-30,794,1
2000-10-07,728,5
2000-10-14,648,4
2000-10-21,892,3
2000-10-28,841,3
2000-11-04,787,2
2000-11-11,737,3
2000-11-18,699,2
2000-11-25,656,4
2000-12-02,649,2
2000-12-09,629,3
2000-12-16,600,5
2000-12-23,583,3
2000-12-30,569,4
2001-01-06,587,3
2001-01-13,1017,1
2001-01-20,592,6
2001-01-27,623,2
2001-02-03,626,3
2001-02-10,591,5
2001-02-17,599,3
2001-02-24,618,3
2001-03-03,649,2
2001-03-10,686,2
2001-03-17,667,3
2001-03-24,615,4
2001-03-31,590,3
2001-04-07,559,5
2001-04-14,559,4
2001-04-21,552,3
2001-04-28,535,4
2001-05-05,513,3
2001-05-12,539,2
2001-05-19,556,4
2001-05-26,582,1
2001-06-02,576,3
2001-06-09,589,2
2001-06-16,608,4
2001-06-23,553,5
2001-06-30,501,6
2001-07-07,472,5
2001-07-14,464,3
2001-07-21,492,2
2001-07-28,531,1
2001-08-04,520,5
2001-08-11,549,1
2001-08-18,538,5
2001-08-25,554,4
2001-09-01,552,3
2001-09-08,576,1
2001-09-15,565,4
2001-09-22,579,4
2001-09-29,573,5
2001-10-06,601,3
2001-10-13,566,4
2001-10-20,603,2
2001-10-27,558,5
2001-11-03,578,5
2001-11-10,625,4
2001-11-17,634,3
2001-11-24,625,4
2001-12-01,601,4
2001-12-08,583,4
2001-12-15,586,4
2001-12-22,595,2
2001-12-29,591,3
2002-01-05,617,3
2002-01-12,696,3
2002-01-19,687,3
2002-01-26,677,2
2002-02-02,669,3
2002-02-09,669,5
2002-02-16,642,3
2002-02-23,569,6
2002-03-02,599,5
2002-03-09,595,3
2002-03-16,615,2
2002-03-23,608,3
2002-03-30,617,4
2002-04-06,546,7
2002-04-13,561,2
2002-04-20,595,2
2002-04-27,576,4
2002-05-04,561,3
2002-05-11,517,4
2002-05-18,515,3
2002-05-25,528,3
2002-06-01,544,4
2002-06-08,562,2
2002-06-15,591,2
2002-06-22,595,3
2002-06-29,593,3
2002-07-06,608,2
2002-07-13,586,4
2002-07-20,595,3
2002-07-27,574,3
2002-08-03,581,5
2002-08-10,601,2
2002-08-17,561,4
2002-08-24,551,3
2002-08-31,609,2
2002-09-07,528,5
2002-09-14,532,5
2002-09-21,551,4
2002-09-28,527,5
2002-10-05,549,2
2002-10-12,532,5
2002-10-19,527,2
2002-10-26,554,1
2002-11-02,543,3
2002-11-09,525,6
2002-11-16,509,4
2002-11-23,519,3
2002-11-30,514,2
2002-12-07,517,2
2002-12-14,502,5
2002-12-21,511,3
2002-12-28,471,5
2003-01-04,488,3
2003-01-11,525,1
2003-01-18,567,2
2003-01-25,480,8
2003-02-01,501,2
2003-02-08,503,4
2003-02-15,535,3
2003-02-22,542,3
2003-03-01,543,3
2003-03-08,567,3
2003-03-15,519,5
2003-03-22,525,3
2003-03-29,518,4
2003-04-05,528,2
2003-04-12,523,2
2003-04-19,508,4
2003-04-26,511,3
2003-05-03,519,3
2003-05-10,518,3
2003-05-17,514,4
2003-05-24,541,3
2003-05-31,508,5
2003-06-07,531,3
2003-06-14,559,1
2003-06-21,547,4
2003-06-28,500,7
2003-07-05,511,3
2003-07-12,505,3
2003-07-19,530,2
2003-07-26,534,3
2003-08-02,566,2
2003-08-09,514,4
2003-08-16,540,3
2003-08-23,549,3
2003-08-30,562,3
2003-09-06,584,2
2003-09-13,585,2
2003-09-20,571,3
2003-09-27,580,3
2003-10-04,579,3
2003-10-11,584,5
2003-10-18,583,3
2003-10-25,586,3
2003-11-01,601,3
2003-11-08,601,3
2003-11-15,549,6
2003-11-22,560,3
2003-11-29,560,3
2003-12-06,566,3
2003-12-13,584,4
2003-12-20,574,2
2003-12-27,595,3
2004-01-03,560,4
2004-01-10,645,2
2004-01-17,685,3
2004-01-24,678,4
2004-01-31,676,3
2004-02-07,595,5
2004-02-14,667,1
2004-02-21,690,3
2004-02-28,624,4
2004-03-06,588,4
2004-03-13,604,2
2004-03-20,611,1
2004-03-27,584,6
2004-04-03,565,4
2004-04-10,570,3
2004-04-17,612,2
2004-04-24,617,3
2004-05-01,634,2
2004-05-08,624,3
2004-05-15,640,2
2004-05-22,660,2
2004-05-29,633,4
2004-06-05,645,5
2004-06-12,562,5
2004-06-19,545,4
2004-06-26,587,4
2004-07-03,547,6
2004-07-10,520,4
2004-07-17,514,5
2004-07-24,537,2
2004-07-31,557,3
2004-08-07,557,3
2004-08-14,532,4
2004-08-21,550,2
2004-08-28,566,2
2004-09-04,594,2
2004-09-11,593,2
2004-09-18,611,3
2004-09-25,608,3
2004-10-02,612,2
2004-10-09,610,3
2004-10-16,629,2
2004-10-23,599,4
2004-10-30,565,5
2004-11-06,557,6
2004-11-13,524,5
2004-11-20,520,4
2004-11-27,531,3
2004-12-04,476,3
2004-12-11,471,4
2004-12-18,477,3
2004-12-25,419,7
2005-01-01,457,3
2005-01-08,506,2
2005-01-15,553,1
2005-01-22,549,4
2005-01-29,513,6
2005-02-05,501,6
2005-02-12,464,4
2005-02-19,485,3
2005-02-26,512,4
2005-03-05,508,3
2005-03-12,551,3
2005-03-19,576,2
2005-03-26,581,4
2005-04-02,583,4
2005-04-09,581,4
2005-04-16,548,3
2005-04-23,564,3
2005-04-30,550,5
2005-05-07,559,3
2005-05-14,572,3
2005-05-21,583,3
2005-05-28,615,2
2005-06-04,582,6
2005-06-11,628,2
2005-06-18,655,3
2005-06-25,593,7
2005-07-02,557,4
2005-07-09,555,3
2005-07-16,559,2
2005-07-23,573,2
2005-07-30,610,1
2005-08-06,611,5
2005-08-13,631,3
2005-08-20,655,4
2005-08-27,628,3
2005-09-03,590,5
2005-09-10,631,3
2005-09-17,667,4
2005-09-24,663,4
2005-10-01,660,4
2005-10-08,628,4
2005-10-15,623,3
2005-10-22,619,2
2005-10-29,591,5
2005-11-05,549,4
2005-11-12,563,1
2005-11-19,569,3
2005-11-26,590,3
2005-12-03,593,3
2005-12-10,596,2
2005-12-17,563,3
2005-12-24,583,4
2005-12-31,594,4
2006-01-07,639,3
2006-01-14,701,4
2006-01-21,736,3
2006-01-28,698,5
2006-02-04,691,2
2006-02-11,612,6
2006-02-18,671,4
2006-02-25,691,4
2006-03-04,723,2
2006-03-11,716,4
2006-03-18,694,3
2006-03-25,716,2
2006-04-01,687,3
2006-04-08,612,5
2006-04-15,652,0
2006-04-22,626,4
2006-04-29,631,2
2006-05-06,549,5
2006-05-13,557,3
2006-05-20,529,6
2006-05-27,519,5
2006-06-03,542,2
2006-06-10,525,6
2006-06-17,557,2
2006-06-24,552,3
2006-07-01,553,3
2006-07-08,546,3
2006-07-15,507,4
2006-07-22,542,1
2006-07-29,580,1
2006-08-05,578,4
2006-08-12,583,2
2006-08-19,612,5
2006-08-26,603,5
2006-09-02,586,4
2006-09-09,627,3
2006-09-16,647,3
2006-09-23,605,5
2006-09-30,613,4
2006-10-07,598,3
2006-10-14,584,4
2006-10-21,583,2
2006-10-28,616,1
2006-11-04,559,6
2006-11-11,521,4
2006-11-18,532,4
2006-11-25,528,4
2006-12-02,530,3
2006-12-09,535,3
2006-12-16,490,3
2006-12-23,504,2
2006-12-30,517,3
2007-01-06,564,3
2007-01-13,641,4
2007-01-20,673,3
2007-01-27,633,6
2007-02-03,658,3
2007-02-10,635,4
2007-02-17,654,3
2007-02-24,699,2
2007-03-03,716,2
2007-03-10,691,5
2007-03-17,699,4
2007-03-24,713,3
2007-03-31,686,4
2007-04-07,602,5
2007-04-14,580,4
2007-04-21,590,5
2007-04-28,587,3
2007-05-05,592,5
2007-05-12,555,4
2007-05-19,530,2
2007-05-26,558,2
2007-06-02,580,3
2007-06-09,525,5
2007-06-16,555,1
2007-06-23,539,6
2007-06-30,531,3
2007-07-07,503,5
2007-07-14,503,7
2007-07-21,549,3
2007-07-28,582,4
2007-08-04,560,5
2007-08-11,561,4
2007-08-18,567,3
2007-08-25,580,3
2007-09-01,555,4
2007-09-08,585,4
2007-09-15,619,4
2007-09-22,633,3
2007-09-29,595,5
2007-10-06,601,2
2007-10-13,567,5
2007-10-20,553,5
2007-10-27,583,5
2007-11-03,660,3
2007-11-10,652,3
2007-11-17,555,5
2007-11-24,534,3
2007-12-01,574,0
2007-12-08,577,3
2007-12-15,584,2
2007-12-22,609,3
2007-12-29,590,4
2008-01-05,610,4
2008-01-12,698,3
2008-01-19,712,4
2008-01-26,683,3
2008-02-02,720,1
2008-02-09,717,3
2008-02-16,713,2
2008-02-23,670,4
2008-03-01,700,2
2008-03-08,673,2
2008-03-15,650,5
2008-03-22,670,3
2008-03-29,685,2
2008-04-05,660,5
2008-04-12,652,4
2008-04-19,654,4
2008-04-26,644,8
2008-05-03,666,3
2008-05-10,651,3
2008-05-17,590,5
2008-05-24,599,3
2008-05-31,620,4
2008-06-07,521,6
2008-06-14,570,4
2008-06-21,543,5
2008-06-28,568,5
2008-07-05,464,7
2008-07-12,477,4
2008-07-19,553,4
2008-07-26,544,4
2008-08-02,536,4
2008-08-09,534,4
2008-08-16,523,3
2008-08-23,543,3
2008-08-30,538,4
2008-09-06,517,4
2008-09-13,524,5
2008-09-20,545,2
2008-09-27,529,6
2008-10-04,565,2
2008-10-11,544,3
2008-10-18,495,6
2008-10-25,505,5
2008-11-01,520,3
2008-11-08,532,2
2008-11-15,556,3
2008-11-22,509,5
2008-11-29,537,6
2008-12-06,559,5
2008-12-13,567,2
2008-12-20,578,6
2008-12-27,590,3
2009-01-03,575,5
2009-01-10,629,3
2009-01-17,660,2
2009-01-24,667,2
2009-01-31,691,2
2009-02-07,648,5
2009-02-14,635,4
2009-02-21,650,3
2009-02-28,661,3
2009-03-07,659,5
2009-03-14,664,1
2009-03-21,629,4
2009-03-28,634,5
2009-04-04,622,5
2009-04-11,642,3
2009-04-18,650,2
2009-04-25,635,4
2009-05-02,600,3
2009-05-09,621,2
2009-05-16,646,4
2009-05-23,624,6
2009-05-30,580,8
2009-06-06,572,8
2009-06-13,621,3
2009-06-20,700,5
2009-06-27,720,2
2009-07-04,687,4
2009-07-11,663,3
2009-07-18,659,4
2009-07-25,608,5
2009-08-01,634,4
2009-08-08,650,5
2009-08-15,663,2
2009-08-22,674,4
2009-08-29,664,4
2009-09-05,663,4
2009-09-12,614,6
2009-09-19,608,3
2009-09-26,622,3
2009-10-03,542,5
2009-10-10,567,4
2009-10-17,522,5
2009-10-24,483,5
2009-10-31,505,5
2009-11-07,512,5
2009-11-14,424,9
2009-11-21,485,7
2009-11-28,497,4
2009-12-05,523,3
2009-12-12,512,5
2009-12-19,551,2
2009-12-26,563,3
2010-01-02,569,4
2010-01-09,640,5
2010-01-16,679,2
2010-01-23,649,5
2010-01-30,684,3
2010-02-06,681,4
2010-02-13,702,3
2010-02-20,704,4
2010-02-27,678,3
2010-03-06,687,2
2010-03-13,692,3
2010-03-20,683,4
2010-03-27,701,5
2010-04-03,670,3
2010-04-10,677,2
2010-04-17,665,4
2010-04-24,646,4
2010-05-01,646,6
2010-05-08,665,4
2010-05-15,665,4
2010-05-22,599,6
2010-05-29,612,5
2010-06-05,595,4
2010-06-12,582,5
2010-06-19,591,5
2010-06-26,629,6
2010-07-03,618,4
2010-07-10,571,4
2010-07-17,620,5
2010-07-24,642,2
2010-07-31,641,5
2010-08-07,609,5
2010-08-14,589,5
2010-08-21,566,5
2010-08-28,581,4
2010-09-04,579,5
2010-09-11,569,3
2010-09-18,565,3
2010-09-25,522,4
2010-10-02,484,6
2010-10-09,475,6
2010-10-16,512,6
2010-10-23,500,7
2010-10-30,503,6
2010-11-06,536,5
2010-11-13,505,7
2010-11-20,492,8
2010-11-27,461,5
2010-12-04,504,3
2010-12-11,516,5
2010-12-18,527,7
2010-12-25,568,5
2011-01-01,575,3
2011-01-08,630,6
2011-01-15,690,1
2011-01-22,665,6
2011-01-29,587,6
2011-02-05,620,2
2011-02-12,637,2
2011-02-19,595,3
2011-02-26,536,6
2011-03-05,564,6
2011-03-12,583,4
2011-03-19,572,3
2011-03-26,584,3
2011-04-02,524,7
2011-04-09,557,6
2011-04-16,578,2
2011-04-23,605,5
2011-04-30,616,4
2011-05-07,636,3
2011-05-14,628,3
2011-05-21,579,7
2011-05-28,547,7
2011-06-04,602,4
2011-06-11,519,8
2011-06-18,562,7
2011-06-25,579,3
2011-07-02,615,4
2011-07-09,569,4
2011-07-16,554,4
2011-07-23,590,6
2011-07-30,569,3
2011-08-06,602,3
2011-08-13,592,6
2011-08-20,616,2
2011-08-27,591,3
2011-09-03,581,5
2011-09-10,583,2
2011-09-17,537,5
2011-09-24,577,5
2011-10-01,600,4
2011-10-08,625,1
2011-10-15,631,4
2011-10-22,654,2
2011-10-29,655,2
2011-11-05,651,4
2011-11-12,661,5
2011-11-19,694,3
2011-11-26,635,6
2011-12-03,622,8
2011-12-10,627,4
2011-12-17,676,4
2011-12-24,677,4
2011-12-31,666,4
2012-01-07,743,5
2012-01-14,785,3
2012-01-21,784,2
2012-01-28,790,3
2012-02-04,760,3
2012-02-11,753,3
2012-02-18,712,5
2012-02-25,816,4
2012-03-03,790,5
2012-03-10,778,5
2012-03-17,703,5
2012-03-24,770,5
2012-03-31,784,2
2012-04-07,713,4
2012-04-14,656,5
2012-04-21,587,5
2012-04-28,572,3
2012-05-05,586,4
2012-05-12,615,2
2012-05-19,602,3
2012-05-26,1186,3
2012-06-02,726,3
2012-06-09,679,3
2012-06-16,660,4
2012-06-23,599,5
2012-06-30,642,2
2012-07-07,654,5
2012-07-14,637,3
2012-07-21,642,2
2012-07-28,664,2
2012-08-04,670,5
2012-08-11,707,2
2012-08-18,744,2
2012-08-25,695,4
2012-09-01,717,1
2012-09-08,754,3
2012-09-15,782,2
2012-09-22,751,3
2012-09-29,702,5
2012-10-06,747,3
2012-10-13,713,4
2012-10-20,670,5
2012-10-27,683,3
2012-11-03,707,3
2012-11-10,730,4
2012-11-17,767,1
2012-11-24,765,3
2012-12-01,767,4
2012-12-08,711,4
2012-12-15,703,4
2012-12-22,700,3
2012-12-29,685,4
2013-01-05,712,2
2013-01-12,767,4
2013-01-19,800,3
2013-01-26,825,1
2013-02-02,801,3
2013-02-09,795,2
2013-02-16,768,4
2013-02-23,786,4
2013-03-02,812,7
2013-03-09,773,4
2013-03-16,809,4
2013-03-23,785,3
2013-03-30,671,5
2013-04-06,666,3
2013-04-13,671,3
2013-04-20,671,3
2013-04-27,610,5
2013-05-04,618,3
2013-05-11,593,4
2013-05-18,652,2
2013-05-25,644,3
2013-06-01,622,6
2013-06-08,598,3
2013-06-15,623,3
2013-06-22,594,4
2013-06-29,669,5
2013-07-06,667,4
2013-07-13,713,3
2013-07-20,772,3
2013-07-27,769,3
2013-08-03,751,3
2013-08-10,761,5
2013-08-17,780,3
2013-08-24,765,3
2013-08-31,727,6
2013-09-07,751,3
2013-09-14,714,5
2013-09-21,670,6
2013-09-28,726,2
2013-10-05,686,4
2013-10-12,703,5
2013-10-19,659,3
2013-10-26,695,6
2013-11-02,700,4
2013-11-09,669,7
2013-11-16,639,8
2013-11-23,628,6
2013-11-30,652,5
2013-12-07,660,4
2013-12-14,692,6
2013-12-21,702,5
2013-12-28,712,3
2014-01-04,755,3
2014-01-11,777,6
2014-01-18,809,4
2014-01-25,771,5
2014-02-01,701,4
2014-02-08,814,2
2014-02-15,826,2
2014-02-22,823,3
2014-03-01,880,4
2014-03-08,829,2
2014-03-15,887,3
2014-03-22,848,5
2014-03-29,835,3
2014-04-05,851,3
2014-04-12,860,1
2014-04-19,873,3
2014-04-26,822,2
2014-05-03,823,2
2014-05-10,822,4
2014-05-17,771,4
2014-05-24,757,4
2014-05-31,684,4
2014-06-07,685,5
2014-06-14,759,5
2014-06-21,790,3
2014-06-28,703,4
2014-07-05,658,4
2014-07-12,689,5
2014-07-19,676,5
2014-07-26,683,6
2014-08-02,684,2
2014-08-09,652,6
2014-08-16,665,3
2014-08-23,651,2
2014-08-30,668,3
2014-09-06,599,4
2014-09-13,608,4
2014-09-20,608,3
2014-09-27,618,2
2014-10-04,614,3
2014-10-11,642,2
2014-10-18,638,4
2014-10-25,700,3
2014-11-01,668,5
2014-11-08,679,5
2014-11-15,657,2
2014-11-22,661,3
2014-11-29,685,5
2014-12-06,572,5
2014-12-13,569,5
2014-12-20,573,3
2014-12-27,618,5
2015-01-03,619,3
2015-01-10,680,5
2015-01-17,705,2
2015-01-24,704,4
2015-01-31,679,4
2015-02-07,670,4
2015-02-14,686,2
2015-02-21,678,4
2015-02-28,707,3
2015-03-07,690,4
2015-03-14,663,4
2015-03-21,662,3
2015-03-28,687,2
2015-04-04,713,3
2015-04-11,698,3
2015-04-18,674,2
2015-04-25,687,2
2015-05-02,639,5
2015-05-09,610,3
2015-05-16,643,3
2015-05-23,660,2
2015-05-30,659,3
2015-06-06,618,6
2015-06-13,653,5
2015-06-20,686,1
2015-06-27,685,2
2015-07-04,699,1
2015-07-11,679,3
2015-07-18,645,3
2015-07-25,690,1
2015-08-01,723,2
2015-08-08,727,2
2015-08-15,753,2
2015-08-22,714,5
2015-08-29,737,4
2015-09-05,732,3
2015-09-12,767,2
2015-09-19,767,3
2015-09-26,777,1
2015-10-03,782,2
2015-10-10,735,4
2015-10-17,728,3
2015-10-24,745,2
2015-10-31,784,2
2015-11-07,761,4
2015-11-14,751,3
2015-11-21,732,3
2015-11-28,733,2
2015-12-05,661,7
2015-12-12,725,4
2015-12-19,707,3
2015-12-26,671,5
2016-01-02,715,3
2016-01-09,682,5
2016-01-16,767,5
2016-01-23,776,4
2016-01-30,792,2
2016-02-06,799,2
2016-02-13,782,3
2016-02-20,743,3
2016-02-27,723,3
2016-03-05,795,4
2016-03-12,775,3
2016-03-19,766,3
2016-03-26,727,3
2016-04-02,686,5
